timestamp,project_name,run_id,experiment_id,duration,emissions,emissions_rate,cpu_power,gpu_power,ram_power,cpu_energy,gpu_energy,ram_energy,energy_consumed,water_consumed,country_name,country_iso_code,region,cloud_provider,cloud_region,os,python_version,codecarbon_version,cpu_count,cpu_model,gpu_count,gpu_model,longitude,latitude,ram_total_size,tracking_mode,cpu_utilization_percent,gpu_utilization_percent,ram_utilization_percent,ram_used_gb,on_cloud,pue,wue
2026-07-16T12:48:38,codecarbon,29883c5b-c6cd-4e1e-aefa-0d71a2a104b5,5b0fa12a-3dd7-45bb-9766-cc326314d9f1,16.59166709999954,0.0001527965121928,9.209232036295286e-06,14.0,0.0,10.0,0.0001249620539999,0.0,8.920633861111027e-05,0.0002141683926111,0.0,India,IND,maharashtra,,,Windows-11-10.0.26200-SP0,3.14.0,3.2.6,8,11th Gen Intel(R) Core(TM) i5-1145G7 @ 2.60GHz,0,,73.8502,18.5211,15.68770980834961,machine,57.142857142857146,0,93.28571428571428,14.635019847324916,N,1.0,0.0
2026-07-16T12:48:53,codecarbon,29883c5b-c6cd-4e1e-aefa-0d71a2a104b5,5b0fa12a-3dd7-45bb-9766-cc326314d9f1,32.16848409999966,0.0002621144101371,8.148174135974363e-06,21.0,0.0,10.0,0.0002378691723333,0.0,0.0001295254827777,0.0003673946551111,0.0,India,IND,maharashtra,,,Windows-11-10.0.26200-SP0,3.14.0,3.2.6,8,11th Gen Intel(R) Core(TM) i5-1145G7 @ 2.60GHz,0,,73.8502,18.5211,15.68770980834961,machine,65.51724137931035,0,92.80344827586208,14.558147693502493,N,1.0,0.0
2026-07-16T12:49:09,codecarbon,29883c5b-c6cd-4e1e-aefa-0d71a2a104b5,5b0fa12a-3dd7-45bb-9766-cc326314d9f1,48.28895399999965,0.0003738136874523,7.741184194057973e-06,23.32998675541333,0.0,10.0,0.0003532151452722,0.0,0.0001707436508333,0.0005239587961056,0.0,India,IND,maharashtra,,,Windows-11-10.0.26200-SP0,3.14.0,3.2.6,8,11th Gen Intel(R) Core(TM) i5-1145G7 @ 2.60GHz,0,,73.8502,18.5211,15.68770980834961,machine,73.3,0,92.7577777777778,14.551139662000868,N,1.0,0.0
2026-07-16T12:49:26,codecarbon,29883c5b-c6cd-4e1e-aefa-0d71a2a104b5,5b0fa12a-3dd7-45bb-9766-cc326314d9f1,64.45441159999973,0.0004848268758708,7.522012284893952e-06,24.49749006656,0.0,10.0,0.0004678731759389,0.0,0.0002116880994444,0.0006795612753834,0.0,India,IND,maharashtra,,,Windows-11-10.0.26200-SP0,3.14.0,3.2.6,8,11th Gen Intel(R) Core(TM) i5-1145G7 @ 2.60GHz,0,,73.8502,18.5211,15.68770980834961,machine,73.30833333333334,0,92.87666666666668,14.570212173461917,N,1.0,0.0
2026-07-16T12:49:41,codecarbon,29883c5b-c6cd-4e1e-aefa-0d71a2a104b5,5b0fa12a-3dd7-45bb-9766-cc326314d9f1,80.33206770000015,0.0005937252951604,7.3908877508006194e-06,25.197992053248,0.0,10.0,0.0005803473232722,0.0,0.0002518522491666,0.0008321995724389,0.0,India,IND,maharashtra,,,Windows-11-10.0.26200-SP0,3.14.0,3.2.6,8,11th Gen Intel(R) Core(TM) i5-1145G7 @ 2.60GHz,0,,73.8502,18.5211,15.68770980834961,machine,73.31333333333333,0,93.076,14.601354522705078,N,1.0,0.0
2026-07-16T12:49:58,codecarbon,29883c5b-c6cd-4e1e-aefa-0d71a2a104b5,5b0fa12a-3dd7-45bb-9766-cc326314d9f1,96.88633209999988,0.0007033631313215,7.259673434593511e-06,25.664993377706665,0.0,10.0,0.0006935856901611,0.0,0.0002922885886111,0.0009858742787722,0.0,India,IND,maharashtra,,,Windows-11-10.0.26200-SP0,3.14.0,3.2.6,8,11th Gen Intel(R) Core(TM) i5-1145G7 @ 2.60GHz,0,,73.8502,18.5211,15.68770980834961,machine,74.70879120879121,0,92.71538461538462,14.54489018366887,N,1.0,0.0
2026-07-16T12:50:14,codecarbon,29883c5b-c6cd-4e1e-aefa-0d71a2a104b5,5b0fa12a-3dd7-45bb-9766-cc326314d9f1,112.65331080000033,0.0008120577553968,7.208467728378738e-06,25.99856575232,0.0,10.0,0.0008058498802722,0.0,0.0003323770444444,0.0011382269247167,0.0,India,IND,maharashtra,,,Windows-11-10.0.26200-SP0,3.14.0,3.2.6,8,11th Gen Intel(R) Core(TM) i5-1145G7 @ 2.60GHz,0,,73.8502,18.5211,15.68770980834961,machine,75.22380952380952,0,92.54,14.517152114141554,N,1.0,0.0
2026-07-16T12:50:29,codecarbon,29883c5b-c6cd-4e1e-aefa-0d71a2a104b5,5b0fa12a-3dd7-45bb-9766-cc326314d9f1,128.39944579999974,0.0009219252950255,7.180134534704813e-06,26.24874503328,0.0,10.0,0.0009193285058278,0.0,0.0003728950908333,0.0012922235966611,0.0,India,IND,maharashtra,,,Windows-11-10.0.26200-SP0,3.14.0,3.2.6,8,11th Gen Intel(R) Core(TM) i5-1145G7 @ 2.60GHz,0,,73.8502,18.5211,15.68770980834961,machine,74.15416666666667,0,92.53583333333331,14.516298834482829,N,1.0,0.0
2026-07-16T12:50:45,codecarbon,29883c5b-c6cd-4e1e-aefa-0d71a2a104b5,5b0fa12a-3dd7-45bb-9766-cc326314d9f1,144.0411866000004,0.0010313645891176,7.160206142856711e-06,26.44332891847111,0.0,10.0,0.0010323651241611,0.0,0.0004132548908333,0.0014456200149945,0.0,India,IND,maharashtra,,,Windows-11-10.0.26200-SP0,3.14.0,3.2.6,8,11th Gen Intel(R) Core(TM) i5-1145G7 @ 2.60GHz,0,,73.8502,18.5211,15.68770980834961,machine,74.8037037037037,0,92.57629629629628,14.522667213722512,N,1.0,0.0
2026-07-16T12:51:01,codecarbon,29883c5b-c6cd-4e1e-aefa-0d71a2a104b5,5b0fa12a-3dd7-45bb-9766-cc326314d9f1,160.0469876999996,0.001141391022402,7.131599530892034e-06,26.598996026624,0.0,10.0,0.0011460042317167,0.0,0.0004538351697222,0.0015998394014389,0.0,India,IND,maharashtra,,,Windows-11-10.0.26200-SP0,3.14.0,3.2.6,8,11th Gen Intel(R) Core(TM) i5-1145G7 @ 2.60GHz,0,,73.8502,18.5211,15.68770980834961,machine,73.99,0,92.69466666666668,14.541351318359377,N,1.0,0.0
2026-07-16T12:51:17,codecarbon,29883c5b-c6cd-4e1e-aefa-0d71a2a104b5,5b0fa12a-3dd7-45bb-9766-cc326314d9f1,176.00862299999972,0.0012532196491508,7.120217338163051e-06,26.72636002420364,0.0,10.0,0.00126150914105,0.0,0.000495075705,0.00175658484605,0.0,India,IND,maharashtra,,,Windows-11-10.0.26200-SP0,3.14.0,3.2.6,8,11th Gen Intel(R) Core(TM) i5-1145G7 @ 2.60GHz,0,,73.8502,18.5211,15.68770980834961,machine,74.08734939759036,0,92.93192771084338,14.57842449969556,N,1.0,0.0
2026-07-16T12:51:33,codecarbon,29883c5b-c6cd-4e1e-aefa-0d71a2a104b5,5b0fa12a-3dd7-45bb-9766-cc326314d9f1,192.1030823000001,0.0013630784039426,7.095557174944223e-06,26.832496688853336,0.0,10.0,0.0013749750732722,0.0,0.0005355941313888,0.0019105692046611,0.0,India,IND,maharashtra,,,Windows-11-10.0.26200-SP0,3.14.0,3.2.6,8,11th Gen Intel(R) Core(TM) i5-1145G7 @ 2.60GHz,0,,73.8502,18.5211,15.68770980834961,machine,72.36740331491713,0,93.0243093922652,14.592770887343264,N,1.0,0.0
2026-07-16T12:51:49,codecarbon,29883c5b-c6cd-4e1e-aefa-0d71a2a104b5,5b0fa12a-3dd7-45bb-9766-cc326314d9f1,208.0945697999996,0.0014723345473455,7.075314597399879e-06,26.922304635864617,0.0,10.0,0.0014878186914944,0.0,0.0005758902169444,0.0020637089084389,0.0,India,IND,maharashtra,,,Windows-11-10.0.26200-SP0,3.14.0,3.2.6,8,11th Gen Intel(R) Core(TM) i5-1145G7 @ 2.60GHz,0,,73.8502,18.5211,15.68770980834961,machine,71.05837563451777,0,93.11776649746191,14.607397011693964,N,1.0,0.0
2026-07-16T12:52:05,codecarbon,29883c5b-c6cd-4e1e-aefa-0d71a2a104b5,5b0fa12a-3dd7-45bb-9766-cc326314d9f1,224.1803481999996,0.0015819210271301,7.056466098977031e-06,26.99928287616,0.0,10.0,0.0016010051557167,0.0,0.000616306475,0.0022173116307167,0.0,India,IND,maharashtra,,,Windows-11-10.0.26200-SP0,3.14.0,3.2.6,8,11th Gen Intel(R) Core(TM) i5-1145G7 @ 2.60GHz,0,,73.8502,18.5211,15.68770980834961,machine,69.80424528301887,0,93.16415094339622,14.61467861679365,N,1.0,0.0
2026-07-16T12:52:21,codecarbon,29883c5b-c6cd-4e1e-aefa-0d71a2a104b5,5b0fa12a-3dd7-45bb-9766-cc326314d9f1,240.0188867999996,0.0016918270971706,7.048724872140407e-06,27.065997351082668,0.0,10.0,0.0017145202816056,0.0,0.0006568420275,0.0023713623091056,0.0,India,IND,maharashtra,,,Windows-11-10.0.26200-SP0,3.14.0,3.2.6,8,11th Gen Intel(R) Core(TM) i5-1145G7 @ 2.60GHz,0,,73.8502,18.5211,15.68770980834961,machine,70.91850220264317,0,93.26916299559473,14.631191841831292,N,1.0,0.0
2026-07-16T12:52:37,codecarbon,29883c5b-c6cd-4e1e-aefa-0d71a2a104b5,5b0fa12a-3dd7-45bb-9766-cc326314d9f1,255.7673666000001,0.0018015221790845,7.043596698956395e-06,27.12437251664,0.0,10.0,0.0018278211304944,0.0,0.0006972961238888,0.0025251172543833,0.0,India,IND,maharashtra,,,Windows-11-10.0.26200-SP0,3.14.0,3.2.6,8,11th Gen Intel(R) Core(TM) i5-1145G7 @ 2.60GHz,0,,73.8502,18.5211,15.68770980834961,machine,71.89462809917356,0,93.35826446280991,14.645181561304518,N,1.0,0.0
2026-07-16T12:52:53,codecarbon,29883c5b-c6cd-4e1e-aefa-0d71a2a104b5,5b0fa12a-3dd7-45bb-9766-cc326314d9f1,271.9346655999998,0.0019101577715056,7.02432610896099e-06,27.17588001566118,0.0,10.0,0.0019400240503833,0.0,0.0007373631077777,0.0026773871581611,0.0,India,IND,maharashtra,,,Windows-11-10.0.26200-SP0,3.14.0,3.2.6,8,11th Gen Intel(R) Core(TM) i5-1145G7 @ 2.60GHz,0,,73.8502,18.5211,15.68770980834961,machine,72.7568093385214,0,93.52178988326848,14.6708711705783,N,1.0,0.0
2026-07-16T12:53:09,codecarbon,29883c5b-c6cd-4e1e-aefa-0d71a2a104b5,5b0fa12a-3dd7-45bb-9766-cc326314d9f1,287.7270116999998,0.0020491757367468,7.1219442506964455e-06,27.221664459235555,0.0,10.27777777777778,0.0020539038179389,0.0,0.0008183389277777,0.0028722427457167,0.0,India,IND,maharashtra,,,Windows-11-10.0.26200-SP0,3.14.0,3.2.6,8,11th Gen Intel(R) Core(TM) i5-1145G7 @ 2.60GHz,0,,73.8502,18.5211,15.68770980834961,machine,72.8882783882784,0,93.66446886446889,14.693428752186534,N,1.0,0.0
2026-07-16T12:53:25,codecarbon,29883c5b-c6cd-4e1e-aefa-0d71a2a104b5,5b0fa12a-3dd7-45bb-9766-cc326314d9f1,303.70150699999976,0.0022709402189844,7.477540172312806e-06,26.563587705961027,0.0,10.0,0.0022829522716056,0.0,0.0009001283461111,0.0031830806177167,0.0,India,IND,maharashtra,,,Windows-11-10.0.26200-SP0,3.14.0,3.2.6,8,11th Gen Intel(R) Core(TM) i5-1145G7 @ 2.60GHz,0,,73.8502,18.5211,15.68770980834961,machine,72.91145833333333,0,93.69027777777778,14.697561860084534,N,1.0,0.0
2026-07-20T19:09:31,codecarbon,4e5c9b45-e65a-4458-a3e3-3c9a85ee4372,5b0fa12a-3dd7-45bb-9766-cc326314d9f1,17.570140199997695,0.0001606953889291,9.145936634541146e-06,14.0,0.0,10.0,0.0001314339848888,0.0,9.380592833335364e-05,0.0002252399132222,0.0,India,IND,maharashtra,,,Windows-11-10.0.26200-SP0,3.14.0,3.2.6,8,11th Gen Intel(R) Core(TM) i5-1145G7 @ 2.60GHz,0,,72.8826,19.0728,15.68770980834961,machine,57.142857142857146,0,94.57142857142856,14.835446221487862,N,1.0,0.0
2026-07-20T19:09:47,codecarbon,4e5c9b45-e65a-4458-a3e3-3c9a85ee4372,5b0fa12a-3dd7-45bb-9766-cc326314d9f1,34.05330080000567,0.0002711755119099,7.963266571501204e-06,21.0,0.0,10.0,0.0002455424681111,0.0,0.0001345527491667,0.0003800952172778,0.0,India,IND,maharashtra,,,Windows-11-10.0.26200-SP0,3.14.0,3.2.6,8,11th Gen Intel(R) Core(TM) i5-1145G7 @ 2.60GHz,0,,72.8826,19.0728,15.68770980834961,machine,75.86206896551724,0,94.95862068965518,14.897712970602102,N,1.0,0.0
2026-07-20T19:10:03,codecarbon,4e5c9b45-e65a-4458-a3e3-3c9a85ee4372,5b0fa12a-3dd7-45bb-9766-cc326314d9f1,49.77335380000295,0.0003792324893022,7.61918698157294e-06,23.24037107633333,0.0,10.0,0.0003566228234027,0.0,0.0001749312775,0.0005315541009028,0.0,India,IND,maharashtra,,,Windows-11-10.0.26200-SP0,3.14.0,3.2.6,8,11th Gen Intel(R) Core(TM) i5-1145G7 @ 2.60GHz,0,,72.8826,19.0728,15.68770980834961,machine,65.9090909090909,0,94.71136363636364,14.858568971807308,N,1.0,0.0
2026-07-20T19:10:19,codecarbon,4e5c9b45-e65a-4458-a3e3-3c9a85ee4372,5b0fa12a-3dd7-45bb-9766-cc326314d9f1,65.58440269999846,0.0004890285053212,7.456475704416547e-06,24.43027830725,0.0,10.0,0.0004700245142915,0.0,0.0002154260069445,0.0006854505212361,0.0,India,IND,maharashtra,,,Windows-11-10.0.26200-SP0,3.14.0,3.2.6,8,11th Gen Intel(R) Core(TM) i5-1145G7 @ 2.60GHz,0,,72.8826,19.0728,15.68770980834961,machine,63.333333333333336,0,94.425,14.813526916503909,N,1.0,0.0
2026-07-20T19:10:34,codecarbon,4e5c9b45-e65a-4458-a3e3-3c9a85ee4372,5b0fa12a-3dd7-45bb-9766-cc326314d9f1,81.2724828000064,0.0005983443961974,7.362201517453342e-06,25.1442226458,0.0,10.0,0.0005829313432916,0.0,0.0002557426272222,0.0008386739705139,0.0,India,IND,maharashtra,,,Windows-11-10.0.26200-SP0,3.14.0,3.2.6,8,11th Gen Intel(R) Core(TM) i5-1145G7 @ 2.60GHz,0,,72.8826,19.0728,15.68770980834961,machine,62.16216216216216,0,94.32702702702704,14.79824416701858,N,1.0,0.0
2026-07-20T19:10:50,codecarbon,4e5c9b45-e65a-4458-a3e3-3c9a85ee4372,5b0fa12a-3dd7-45bb-9766-cc326314d9f1,97.2776004000043,0.0007049609785316,7.246899344071215e-06,25.620185538166663,0.0,10.0,0.0006930605404027,0.0,0.0002950533730555,0.0009881139134583,0.0,India,IND,maharashtra,,,Windows-11-10.0.26200-SP0,3.14.0,3.2.6,8,11th Gen Intel(R) Core(TM) i5-1145G7 @ 2.60GHz,0,,72.8826,19.0728,15.68770980834961,machine,63.63636363636363,0,94.6034090909091,14.841344573281027,N,1.0,0.0
2026-07-20T19:11:07,codecarbon,4e5c9b45-e65a-4458-a3e3-3c9a85ee4372,5b0fa12a-3dd7-45bb-9766-cc326314d9f1,113.5817284000077,0.0008173429370402,7.19607764870173e-06,25.960159032714284,0.0,10.0,0.0008091335775137,0.0,0.0003365013622222,0.001145634939736,0.0,India,IND,maharashtra,,,Windows-11-10.0.26200-SP0,3.14.0,3.2.6,8,11th Gen Intel(R) Core(TM) i5-1145G7 @ 2.60GHz,0,,72.8826,19.0728,15.68770980834961,machine,66.01941747572816,0,94.85145631067962,14.88020828395214,N,1.0,0.0
2026-07-20T19:11:23,codecarbon,4e5c9b45-e65a-4458-a3e3-3c9a85ee4372,5b0fa12a-3dd7-45bb-9766-cc326314d9f1,129.74681379999674,0.0009294947026607,7.163911586249813e-06,26.215139153625,0.0,10.0,0.0009249692632915,0.0,0.0003778640511111,0.0013028333144027,0.0,India,IND,maharashtra,,,Windows-11-10.0.26200-SP0,3.14.0,3.2.6,8,11th Gen Intel(R) Core(TM) i5-1145G7 @ 2.60GHz,0,,72.8826,19.0728,15.68770980834961,machine,67.79661016949153,0,95.01694915254237,14.906300690214511,N,1.0,0.0
2026-07-20T19:11:39,codecarbon,4e5c9b45-e65a-4458-a3e3-3c9a85ee4372,5b0fa12a-3dd7-45bb-9766-cc326314d9f1,146.0338225000014,0.0010384472813574,7.111005269737386e-06,26.413457025444444,0.0,10.0,0.0010375017144027,0.0,0.00041804581,0.0014555475244027,0.0,India,IND,maharashtra,,,Windows-11-10.0.26200-SP0,3.14.0,3.2.6,8,11th Gen Intel(R) Core(TM) i5-1145G7 @ 2.60GHz,0,,72.8826,19.0728,15.68770980834961,machine,67.66917293233082,0,95.15037593984962,14.92723269928667,N,1.0,0.0
2026-07-20T19:11:57,codecarbon,4e5c9b45-e65a-4458-a3e3-3c9a85ee4372,5b0fa12a-3dd7-45bb-9766-cc326314d9f1,163.45194790000096,0.0011477858634228,7.022160813434025e-06,26.572111322900003,0.0,10.0,0.0011504383361805,0.0,0.0004583644427778,0.0016088027789583,0.0,India,IND,maharashtra,,,Windows-11-10.0.26200-SP0,3.14.0,3.2.6,8,11th Gen Intel(R) Core(TM) i5-1145G7 @ 2.60GHz,0,,72.8826,19.0728,15.68770980834961,machine,68.24324324324324,0,95.20675675675676,14.935761322846284,N,1.0,0.0
2026-07-20T19:12:13,codecarbon,4e5c9b45-e65a-4458-a3e3-3c9a85ee4372,5b0fa12a-3dd7-45bb-9766-cc326314d9f1,180.3228212999965,0.0012601693867454,6.9884076660986585e-06,26.70191938445455,0.0,10.0,0.0012665127382917,0.0,0.0004998132602778,0.0017663259985695,0.0,India,IND,maharashtra,,,Windows-11-10.0.26200-SP0,3.14.0,3.2.6,8,11th Gen Intel(R) Core(TM) i5-1145G7 @ 2.60GHz,0,,72.8826,19.0728,15.68770980834961,machine,68.71165644171779,0,95.26993865030674,14.945588538983117,N,1.0,0.0
2026-07-20T19:12:30,codecarbon,4e5c9b45-e65a-4458-a3e3-3c9a85ee4372,5b0fa12a-3dd7-45bb-9766-cc326314d9f1,196.8490252000047,0.0013666437288809,6.942598407547925e-06,26.810092769083337,0.0,10.0,0.0013765098858471,0.0,0.0005390566836111,0.0019155665694583,0.0,India,IND,maharashtra,,,Windows-11-10.0.26200-SP0,3.14.0,3.2.6,8,11th Gen Intel(R) Core(TM) i5-1145G7 @ 2.60GHz,0,,72.8826,19.0728,15.68770980834961,machine,70.05649717514125,0,95.28079096045198,14.947323879953158,N,1.0,0.0
2026-07-20T19:12:47,codecarbon,4e5c9b45-e65a-4458-a3e3-3c9a85ee4372,5b0fa12a-3dd7-45bb-9766-cc326314d9f1,213.5272151999961,0.0015115978694196,7.079181302504266e-06,26.901624094538462,0.0,10.384615384615383,0.0014965378241805,0.0,0.0006222048180556,0.0021187426422361,0.0,India,IND,maharashtra,,,Windows-11-10.0.26200-SP0,3.14.0,3.2.6,8,11th Gen Intel(R) Core(TM) i5-1145G7 @ 2.60GHz,0,,72.8826,19.0728,15.68770980834961,machine,70.15706806282722,0,95.30418848167538,14.950962585928552,N,1.0,0.0
2026-07-20T19:13:04,codecarbon,4e5c9b45-e65a-4458-a3e3-3c9a85ee4372,5b0fa12a-3dd7-45bb-9766-cc326314d9f1,230.94829220000247,0.0016227859523896,7.02662027474246e-06,26.04973194682759,0.0,10.0,0.0016113774457359,0.0,0.0006632128180556,0.0022745902637915,0.0,India,IND,maharashtra,,,Windows-11-10.0.26200-SP0,3.14.0,3.2.6,8,11th Gen Intel(R) Core(TM) i5-1145G7 @ 2.60GHz,0,,72.8826,19.0728,15.68770980834961,machine,72.46376811594203,0,95.34927536231883,14.95798999215094,N,1.0,0.0
2026-07-20T19:13:21,codecarbon,4e5c9b45-e65a-4458-a3e3-3c9a85ee4372,5b0fa12a-3dd7-45bb-9766-cc326314d9f1,248.0673865999997,0.0017367454804763,7.001103628655384e-06,26.17555569219355,0.0,10.0,0.0017290878544026,0.0,0.0007052346480555,0.0024343225024582,0.0,India,IND,maharashtra,,,Windows-11-10.0.26200-SP0,3.14.0,3.2.6,8,11th Gen Intel(R) Core(TM) i5-1145G7 @ 2.60GHz,0,,72.8826,19.0728,15.68770980834961,machine,72.39819004524887,0,95.2633484162896,14.944575780117674,N,1.0,0.0
2026-07-20T19:13:39,codecarbon,4e5c9b45-e65a-4458-a3e3-3c9a85ee4372,5b0fa12a-3dd7-45bb-9766-cc326314d9f1,265.5500776999979,0.0018522762167441,6.975242608803685e-06,26.28612807448485,0.0,10.0,0.0018484175606248,0.0,0.0007478394763889,0.0025962570370137,0.0,India,IND,maharashtra,,,Windows-11-10.0.26200-SP0,3.14.0,3.2.6,8,11th Gen Intel(R) Core(TM) i5-1145G7 @ 2.60GHz,0,,72.8826,19.0728,15.68770980834961,machine,72.96137339055794,0,95.2343347639485,14.939992863732858,N,1.0,0.0
2026-07-20T19:13:57,codecarbon,4e5c9b45-e65a-4458-a3e3-3c9a85ee4372,5b0fa12a-3dd7-45bb-9766-cc326314d9f1,284.3790001000016,0.0019803328591224,6.9637099027215125e-06,26.384063613085715,0.0,10.0,0.0019806796525137,0.0,0.0007950689505556,0.0027757486030693,0.0,India,IND,maharashtra,,,Windows-11-10.0.26200-SP0,3.14.0,3.2.6,8,11th Gen Intel(R) Core(TM) i5-1145G7 @ 2.60GHz,0,,72.8826,19.0728,15.68770980834961,machine,72.28915662650603,0,95.2429718875502,14.941395985553545,N,1.0,0.0
2026-07-20T19:14:16,codecarbon,4e5c9b45-e65a-4458-a3e3-3c9a85ee4372,5b0fa12a-3dd7-45bb-9766-cc326314d9f1,303.3348379999952,0.0021006929691963,6.9253270842447205e-06,26.47141152589189,0.0,10.0,0.0021049926719581,0.0,0.0008394595941666,0.0029444522661248,0.0,India,IND,maharashtra,,,Windows-11-10.0.26200-SP0,3.14.0,3.2.6,8,11th Gen Intel(R) Core(TM) i5-1145G7 @ 2.60GHz,0,,72.8826,19.0728,15.68770980834961,machine,71.86311787072243,0,95.29277566539923,14.949104845750467,N,1.0,0.0
2026-07-20T19:14:35,codecarbon,4e5c9b45-e65a-4458-a3e3-3c9a85ee4372,5b0fa12a-3dd7-45bb-9766-cc326314d9f1,321.72254119999707,0.0022514417515762,6.9980851922236654e-06,26.549800678410257,0.0,10.256410256410255,0.0022313221401802,0.0,0.0009244283025,0.0031557504426802,0.0,India,IND,maharashtra,,,Windows-11-10.0.26200-SP0,3.14.0,3.2.6,8,11th Gen Intel(R) Core(TM) i5-1145G7 @ 2.60GHz,0,,72.8826,19.0728,15.68770980834961,machine,72.04301075268818,0,95.29247311827956,14.949138545648172,N,1.0,0.0
2026-07-20T19:14:54,codecarbon,4e5c9b45-e65a-4458-a3e3-3c9a85ee4372,5b0fa12a-3dd7-45bb-9766-cc326314d9f1,340.45887159999984,0.0023666484979561,6.951349180105075e-06,25.98671967757143,0.0,10.0,0.0023503127446247,0.0,0.0009669181097222,0.0033172308543469,0.0,India,IND,maharashtra,,,Windows-11-10.0.26200-SP0,3.14.0,3.2.6,8,11th Gen Intel(R) Core(TM) i5-1145G7 @ 2.60GHz,0,,72.8826,19.0728,15.68770980834961,machine,71.42857142857143,0,95.33333333333331,14.955531386291089,N,1.0,0.0
2026-07-20T19:15:11,codecarbon,4e5c9b45-e65a-4458-a3e3-3c9a85ee4372,5b0fa12a-3dd7-45bb-9766-cc326314d9f1,357.67327939999814,0.0024730580066165,6.914293432165614e-06,26.0782324195,0.0,10.0,0.0024602178211803,0.0,0.0010061627297222,0.0034663805509026,0.0,India,IND,maharashtra,,,Windows-11-10.0.26200-SP0,3.14.0,3.2.6,8,11th Gen Intel(R) Core(TM) i5-1145G7 @ 2.60GHz,0,,72.8826,19.0728,15.68770980834961,machine,70.68403908794788,0,95.35048859934852,14.958186258322252,N,1.0,0.0
2026-07-20T19:15:28,codecarbon,4e5c9b45-e65a-4458-a3e3-3c9a85ee4372,5b0fa12a-3dd7-45bb-9766-cc326314d9f1,374.51432240000577,0.0025829945470483,6.896917934928834e-06,26.16178753169565,0.0,10.0,0.0025737675752915,0.0,0.0010467063630556,0.0036204739383471,0.0,India,IND,maharashtra,,,Windows-11-10.0.26200-SP0,3.14.0,3.2.6,8,11th Gen Intel(R) Core(TM) i5-1145G7 @ 2.60GHz,0,,72.8826,19.0728,15.68770980834961,machine,70.40498442367601,0,95.37196261682244,14.961691253281828,N,1.0,0.0
2026-07-20T19:15:44,codecarbon,4e5c9b45-e65a-4458-a3e3-3c9a85ee4372,5b0fa12a-3dd7-45bb-9766-cc326314d9f1,391.13620180000726,0.0026971864055319,6.895772861523736e-06,26.238379717875,0.0,10.0,0.0026917169305138,0.0,0.0010888148941667,0.0037805318246806,0.0,India,IND,maharashtra,,,Windows-11-10.0.26200-SP0,3.14.0,3.2.6,8,11th Gen Intel(R) Core(TM) i5-1145G7 @ 2.60GHz,0,,72.8826,19.0728,15.68770980834961,machine,70.74626865671642,0,95.38835820895522,14.964304499839669,N,1.0,0.0
2026-07-20T19:16:01,codecarbon,4e5c9b45-e65a-4458-a3e3-3c9a85ee4372,5b0fa12a-3dd7-45bb-9766-cc326314d9f1,407.79884960000345,0.0028096978552864,6.889911185483793e-06,26.30884452916,0.0,10.0,0.0028079236808472,0.0,0.0011303106725001,0.0039382343533473,0.0,India,IND,maharashtra,,,Windows-11-10.0.26200-SP0,3.14.0,3.2.6,8,11th Gen Intel(R) Core(TM) i5-1145G7 @ 2.60GHz,0,,72.8826,19.0728,15.68770980834961,machine,71.34670487106017,0,95.40916905444126,14.967550239453685,N,1.0,0.0
2026-07-20T19:16:18,codecarbon,4e5c9b45-e65a-4458-a3e3-3c9a85ee4372,5b0fa12a-3dd7-45bb-9766-cc326314d9f1,424.7624113000056,0.0029202207502442,6.874950966839909e-06,26.373888970346155,0.0,10.0,0.0029220762757361,0.0,0.0011710733333334,0.0040931496090696,0.0,India,IND,maharashtra,,,Windows-11-10.0.26200-SP0,3.14.0,3.2.6,8,11th Gen Intel(R) Core(TM) i5-1145G7 @ 2.60GHz,0,,72.8826,19.0728,15.68770980834961,machine,72.09944751381215,0,95.439226519337,14.97225538011414,N,1.0,0.0
2026-07-20T19:16:34,codecarbon,4e5c9b45-e65a-4458-a3e3-3c9a85ee4372,5b0fa12a-3dd7-45bb-9766-cc326314d9f1,440.8863621000055,0.0030316608861726,6.876286378495344e-06,26.43411530477778,0.0,10.0,0.0030372530289584,0.0,0.0012120974936112,0.0042493505225696,0.0,India,IND,maharashtra,,,Windows-11-10.0.26200-SP0,3.14.0,3.2.6,8,11th Gen Intel(R) Core(TM) i5-1145G7 @ 2.60GHz,0,,72.8826,19.0728,15.68770980834961,machine,72.14854111405836,0,95.45994694960211,14.975408973997403,N,1.0,0.0
2026-07-20T19:16:50,codecarbon,4e5c9b45-e65a-4458-a3e3-3c9a85ee4372,5b0fa12a-3dd7-45bb-9766-cc326314d9f1,457.2777575000073,0.0031685734785805,6.929209712502749e-06,26.49003975817857,0.0,10.178571428571429,0.0031497079838473,0.0,0.0012915471144446,0.0044412550982919,0.0,India,IND,maharashtra,,,Windows-11-10.0.26200-SP0,3.14.0,3.2.6,8,11th Gen Intel(R) Core(TM) i5-1145G7 @ 2.60GHz,0,,72.8826,19.0728,15.68770980834961,machine,71.7948717948718,0,95.48410256410256,14.979173572246845,N,1.0,0.0
2026-07-20T19:17:06,codecarbon,4e5c9b45-e65a-4458-a3e3-3c9a85ee4372,5b0fa12a-3dd7-45bb-9766-cc326314d9f1,473.3625847000076,0.003280677334775,6.930580153169742e-06,26.09224112640678,0.0,10.0,0.0032655038061806,0.0,0.0013328825141668,0.0045983863203474,0.0,India,IND,maharashtra,,,Windows-11-10.0.26200-SP0,3.14.0,3.2.6,8,11th Gen Intel(R) Core(TM) i5-1145G7 @ 2.60GHz,0,,72.8826,19.0728,15.68770980834961,machine,72.34567901234568,0,95.4562962962963,14.974801937150367,N,1.0,0.0
2026-07-20T19:17:23,codecarbon,4e5c9b45-e65a-4458-a3e3-3c9a85ee4372,5b0fa12a-3dd7-45bb-9766-cc326314d9f1,489.57734970000456,0.0033924436734474,6.929331341668918e-06,26.15479059767213,0.0,10.0,0.0033809471761805,0.0,0.0013740972822223,0.0047550444584029,0.0,India,IND,maharashtra,,,Windows-11-10.0.26200-SP0,3.14.0,3.2.6,8,11th Gen Intel(R) Core(TM) i5-1145G7 @ 2.60GHz,0,,72.8826,19.0728,15.68770980834961,machine,72.14285714285714,0,95.37380952380953,14.961883090791249,N,1.0,0.0
2026-07-20T19:17:39,codecarbon,4e5c9b45-e65a-4458-a3e3-3c9a85ee4372,5b0fa12a-3dd7-45bb-9766-cc326314d9f1,505.8631769000058,0.0035033664847058,6.925521849949402e-06,26.213368673936507,0.0,10.0,0.0034955175092917,0.0,0.0014150027505557,0.0049105202598474,0.0,India,IND,maharashtra,,,Windows-11-10.0.26200-SP0,3.14.0,3.2.6,8,11th Gen Intel(R) Core(TM) i5-1145G7 @ 2.60GHz,0,,72.8826,19.0728,15.68770980834961,machine,72.41379310344827,0,95.32482758620692,14.95419182612978,N,1.0,0.0
2026-07-20T19:17:55,codecarbon,4e5c9b45-e65a-4458-a3e3-3c9a85ee4372,5b0fa12a-3dd7-45bb-9766-cc326314d9f1,522.4170347000036,0.0036160698613521,6.921806949554485e-06,26.268025693367274,0.0,10.0,0.0036119104220784,0.0,0.0014565813822223,0.0050684918043007,0.0,India,IND,maharashtra,,,Windows-11-10.0.26200-SP0,3.14.0,3.2.6,8,11th Gen Intel(R) Core(TM) i5-1145G7 @ 2.60GHz,0,,72.8826,19.0728,15.68770980834961,machine,72.0,0,95.28888888888888,14.948508241441514,N,1.0,0.0
2026-07-20T19:18:12,codecarbon,4e5c9b45-e65a-4458-a3e3-3c9a85ee4372,5b0fa12a-3dd7-45bb-9766-cc326314d9f1,539.0813958000072,0.0037318973382631,6.9226973279702135e-06,26.3197264189384,0.0,10.0,0.0037315419504117,0.0,0.0014993003172223,0.0052308422676341,0.0,India,IND,maharashtra,,,Windows-11-10.0.26200-SP0,3.14.0,3.2.6,8,11th Gen Intel(R) Core(TM) i5-1145G7 @ 2.60GHz,0,,72.8826,19.0728,15.68770980834961,machine,72.62931034482759,0,95.26228448275862,14.944291492988324,N,1.0,0.0
2026-07-20T19:18:28,codecarbon,4e5c9b45-e65a-4458-a3e3-3c9a85ee4372,5b0fa12a-3dd7-45bb-9766-cc326314d9f1,555.1114071000047,0.0038412032089396,6.919697847692911e-06,26.36843000099816,0.0,10.0,0.003844439786745,0.0,0.0015396118852778,0.0053840516720228,0.0,India,IND,maharashtra,,,Windows-11-10.0.26200-SP0,3.14.0,3.2.6,8,11th Gen Intel(R) Core(TM) i5-1145G7 @ 2.60GHz,0,,72.8826,19.0728,15.68770980834961,machine,72.23382045929019,0,95.22567849686848,14.938515131558155,N,1.0,0.0
2026-07-20T19:18:45,codecarbon,4e5c9b45-e65a-4458-a3e3-3c9a85ee4372,5b0fa12a-3dd7-45bb-9766-cc326314d9f1,571.5685202000022,0.0039514906515619,6.913415473230199e-06,26.4143897192799,0.0,10.0,0.0039583503441895,0.0,0.0015802865600001,0.0055386369041896,0.0,India,IND,maharashtra,,,Windows-11-10.0.26200-SP0,3.14.0,3.2.6,8,11th Gen Intel(R) Core(TM) i5-1145G7 @ 2.60GHz,0,,72.8826,19.0728,15.68770980834961,machine,72.06477732793522,0,95.2074898785425,14.9356241187586,N,1.0,0.0
2026-07-20T19:19:01,codecarbon,4e5c9b45-e65a-4458-a3e3-3c9a85ee4372,5b0fa12a-3dd7-45bb-9766-cc326314d9f1,588.1055223000003,0.0040612938164579,6.905722973956831e-06,26.457831096833875,0.0,10.0,0.0040718078367451,0.0,0.0016207355080556,0.0056925433448007,0.0,India,IND,maharashtra,,,Windows-11-10.0.26200-SP0,3.14.0,3.2.6,8,11th Gen Intel(R) Core(TM) i5-1145G7 @ 2.60GHz,0,,72.8826,19.0728,15.68770980834961,machine,72.3529411764706,0,95.21117647058824,14.936183383418063,N,1.0,0.0
2026-07-20T19:19:17,codecarbon,4e5c9b45-e65a-4458-a3e3-3c9a85ee4372,5b0fa12a-3dd7-45bb-9766-cc326314d9f1,604.2416251999966,0.0041719658541165,6.90446616076085e-06,26.498955600918304,0.0,10.0,0.004186116048634,0.0,0.001661551598889,0.005847667647523,0.0,India,IND,maharashtra,,,Windows-11-10.0.26200-SP0,3.14.0,3.2.6,8,11th Gen Intel(R) Core(TM) i5-1145G7 @ 2.60GHz,0,,72.8826,19.0728,15.68770980834961,machine,72.57142857142857,0,95.2207619047619,14.937768046061198,N,1.0,0.0
2026-07-20T19:19:33,codecarbon,4e5c9b45-e65a-4458-a3e3-3c9a85ee4372,5b0fa12a-3dd7-45bb-9766-cc326314d9f1,620.5323672000086,0.0042846610343499,6.904814737840937e-06,26.53794376712822,0.0,10.0,0.004302513840634,0.0,0.0017031138627778,0.0060056277034119,0.0,India,IND,maharashtra,,,Windows-11-10.0.26200-SP0,3.14.0,3.2.6,8,11th Gen Intel(R) Core(TM) i5-1145G7 @ 2.60GHz,0,,72.8826,19.0728,15.68770980834961,machine,73.28385899814471,0,95.23469387755102,14.939948887019964,N,1.0,0.0
2026-07-20T19:19:50,codecarbon,4e5c9b45-e65a-4458-a3e3-3c9a85ee4372,5b0fa12a-3dd7-45bb-9766-cc326314d9f1,637.4223209000047,0.0043986084499919,6.900618798195501e-06,26.57495784897308,0.0,10.0,0.0044202111943007,0.0,0.0017451317702778,0.0061653429645786,0.0,India,IND,maharashtra,,,Windows-11-10.0.26200-SP0,3.14.0,3.2.6,8,11th Gen Intel(R) Core(TM) i5-1145G7 @ 2.60GHz,0,,72.8826,19.0728,15.68770980834961,machine,72.97297297297297,0,95.22936936936938,14.939073036812449,N,1.0,0.0
2026-07-20T19:20:07,codecarbon,4e5c9b45-e65a-4458-a3e3-3c9a85ee4372,5b0fa12a-3dd7-45bb-9766-cc326314d9f1,654.1257217999955,0.0046205406159141,7.063688923896144e-06,26.62709353742528,0.0,10.0,0.0046494322858562,0.0,0.0018269835858334,0.0064764158716897,0.0,India,IND,maharashtra,,,Windows-11-10.0.26200-SP0,3.14.0,3.2.6,8,11th Gen Intel(R) Core(TM) i5-1145G7 @ 2.60GHz,0,,72.8826,19.0728,15.68770980834961,machine,72.67950963222417,0,95.22872154115586,14.938975913720874,N,1.0,0.0
2026-07-20T19:20:24,codecarbon,4e5c9b45-e65a-4458-a3e3-3c9a85ee4372,5b0fa12a-3dd7-45bb-9766-cc326314d9f1,670.6998613000032,0.0047356439766471,7.060749897082319e-06,26.659781786534204,0.0,10.0,0.004768315372634,0.0,0.0018694359994445,0.0066377513720785,0.0,India,IND,maharashtra,,,Windows-11-10.0.26200-SP0,3.14.0,3.2.6,8,11th Gen Intel(R) Core(TM) i5-1145G7 @ 2.60GHz,0,,72.8826,19.0728,15.68770980834961,machine,72.64957264957265,0,95.24427350427352,14.94140388293144,N,1.0,0.0
2026-07-20T19:20:41,codecarbon,4e5c9b45-e65a-4458-a3e3-3c9a85ee4372,5b0fa12a-3dd7-45bb-9766-cc326314d9f1,687.8527449999965,0.0048464031516507,7.04569864244822e-06,26.69094965196364,0.0,10.0,0.0048827279848561,0.0,0.0019102698266667,0.0067929978115229,0.0,India,IND,maharashtra,,,Windows-11-10.0.26200-SP0,3.14.0,3.2.6,8,11th Gen Intel(R) Core(TM) i5-1145G7 @ 2.60GHz,0,,72.8826,19.0728,15.68770980834961,machine,72.54575707154743,0,95.23394342762064,14.93974134092918,N,1.0,0.0
2026-07-20T19:20:57,codecarbon,4e5c9b45-e65a-4458-a3e3-3c9a85ee4372,5b0fa12a-3dd7-45bb-9766-cc326314d9f1,704.0385275000008,0.0049581228602554,7.04240274727785e-06,26.7207007962372,0.0,10.0,0.0049981169563005,0.0,0.001951473633889,0.0069495905901896,0.0,India,IND,maharashtra,,,Windows-11-10.0.26200-SP0,3.14.0,3.2.6,8,11th Gen Intel(R) Core(TM) i5-1145G7 @ 2.60GHz,0,,72.8826,19.0728,15.68770980834961,machine,72.72727272727273,0,95.21818181818182,14.937254911893374,N,1.0,0.0
2026-07-20T19:21:13,codecarbon,4e5c9b45-e65a-4458-a3e3-3c9a85ee4372,5b0fa12a-3dd7-45bb-9766-cc326314d9f1,720.3147421000031,0.0050692961621549,7.0376126793906365e-06,26.749129667431923,0.0,10.0,0.0051129476793005,0.0,0.0019924698144445,0.007105417493745,0.0,India,IND,maharashtra,,,Windows-11-10.0.26200-SP0,3.14.0,3.2.6,8,11th Gen Intel(R) Core(TM) i5-1145G7 @ 2.60GHz,0,,72.8826,19.0728,15.68770980834961,machine,72.62658227848101,0,95.18037974683544,14.931352536889571,N,1.0,0.0
2026-07-20T19:21:29,codecarbon,4e5c9b45-e65a-4458-a3e3-3c9a85ee4372,5b0fa12a-3dd7-45bb-9766-cc326314d9f1,736.2451495999994,0.0051794687845338,7.034978481485264e-06,26.77632250074862,0.0,10.0,0.0052267461947449,0.0,0.0020330955925,0.007259841787245,0.0,India,IND,maharashtra,,,Windows-11-10.0.26200-SP0,3.14.0,3.2.6,8,11th Gen Intel(R) Core(TM) i5-1145G7 @ 2.60GHz,0,,72.8826,19.0728,15.68770980834961,machine,72.64296754250387,0,95.16213292117466,14.9284808293008,N,1.0,0.0
2026-07-20T19:21:45,codecarbon,4e5c9b45-e65a-4458-a3e3-3c9a85ee4372,5b0fa12a-3dd7-45bb-9766-cc326314d9f1,751.9150650000083,0.0052881222570152,7.032871800507434e-06,26.80235819222205,0.0,10.0,0.0053389732288561,0.0,0.0020731635238889,0.0074121367527451,0.0,India,IND,maharashtra,,,Windows-11-10.0.26200-SP0,3.14.0,3.2.6,8,11th Gen Intel(R) Core(TM) i5-1145G7 @ 2.60GHz,0,,72.8826,19.0728,15.68770980834961,machine,72.9198184568835,0,95.1661119515885,14.92911264070404,N,1.0,0.0
2026-07-20T19:22:01,codecarbon,4e5c9b45-e65a-4458-a3e3-3c9a85ee4372,5b0fa12a-3dd7-45bb-9766-cc326314d9f1,767.9820750000072,0.0053971164659852,7.027659422891034e-06,26.827309063217427,0.0,10.0,0.0054515487960785,0.0,0.0021133605180556,0.0075649093141341,0.0,India,IND,maharashtra,,,Windows-11-10.0.26200-SP0,3.14.0,3.2.6,8,11th Gen Intel(R) Core(TM) i5-1145G7 @ 2.60GHz,0,,72.8826,19.0728,15.68770980834961,machine,73.11669128508125,0,95.17503692762186,14.93048280521545,N,1.0,0.0
2026-07-20T19:22:17,codecarbon,4e5c9b45-e65a-4458-a3e3-3c9a85ee4372,5b0fa12a-3dd7-45bb-9766-cc326314d9f1,783.9834572999971,0.0055069990010736,7.024381636877208e-06,26.85124153131503,0.0,10.0,0.005565042842634,0.0,0.0021538841619445,0.0077189270045786,0.0,India,IND,maharashtra,,,Windows-11-10.0.26200-SP0,3.14.0,3.2.6,8,11th Gen Intel(R) Core(TM) i5-1145G7 @ 2.60GHz,0,,72.8826,19.0728,15.68770980834961,machine,73.41040462427746,0,95.12687861271677,14.922872372445344,N,1.0,0.0
2026-07-20T19:22:33,codecarbon,4e5c9b45-e65a-4458-a3e3-3c9a85ee4372,5b0fa12a-3dd7-45bb-9766-cc326314d9f1,799.7228638000088,0.0056176373829456,7.024480150851978e-06,26.87421670068873,0.0,10.0,0.0056793163617452,0.0,0.0021946877716668,0.0078740041334121,0.0,India,IND,maharashtra,,,Windows-11-10.0.26200-SP0,3.14.0,3.2.6,8,11th Gen Intel(R) Core(TM) i5-1145G7 @ 2.60GHz,0,,72.8826,19.0728,15.68770980834961,machine,73.65439093484419,0,95.06643059490084,14.913438624092946,N,1.0,0.0
2026-07-20T19:22:48,codecarbon,4e5c9b45-e65a-4458-a3e3-3c9a85ee4372,5b0fa12a-3dd7-45bb-9766-cc326314d9f1,815.4730225000094,0.0057275316074874,7.023569694468256e-06,26.89629088302817,0.0,10.0,0.0057928201593009,0.0,0.0022352180491668,0.0080280382084678,0.0,India,IND,maharashtra,,,Windows-11-10.0.26200-SP0,3.14.0,3.2.6,8,11th Gen Intel(R) Core(TM) i5-1145G7 @ 2.60GHz,0,,72.8826,19.0728,15.68770980834961,machine,73.13019390581718,0,94.98185595567868,14.900175501435086,N,1.0,0.0
2026-07-20T19:23:04,codecarbon,4e5c9b45-e65a-4458-a3e3-3c9a85ee4372,5b0fa12a-3dd7-45bb-9766-cc326314d9f1,831.5412249000074,0.0058367586731755,7.0192054204858575e-06,26.917516058354547,0.0,10.0,0.0059056359260787,0.0,0.0022755012291668,0.0081811371552456,0.0,India,IND,maharashtra,,,Windows-11-10.0.26200-SP0,3.14.0,3.2.6,8,11th Gen Intel(R) Core(TM) i5-1145G7 @ 2.60GHz,0,,72.8826,19.0728,15.68770980834961,machine,72.99864314789689,0,94.8842605156038,14.88487406695714,N,1.0,0.0
2026-07-20T19:23:20,codecarbon,4e5c9b45-e65a-4458-a3e3-3c9a85ee4372,5b0fa12a-3dd7-45bb-9766-cc326314d9f1,847.5486033000052,0.0059444507697199,7.013698974400614e-06,26.937940283668613,0.0,10.0,0.0060168654741899,0.0,0.0023152191266668,0.0083320846008568,0.0,India,IND,maharashtra,,,Windows-11-10.0.26200-SP0,3.14.0,3.2.6,8,11th Gen Intel(R) Core(TM) i5-1145G7 @ 2.60GHz,0,,72.8826,19.0728,15.68770980834961,machine,73.00531914893617,0,94.80159574468084,14.871882666932777,N,1.0,0.0
2026-07-20T19:23:37,codecarbon,4e5c9b45-e65a-4458-a3e3-3c9a85ee4372,5b0fa12a-3dd7-45bb-9766-cc326314d9f1,863.9565700000094,0.0060857968198573,7.044100399464873e-06,26.95760805619327,0.0,10.092592592592592,0.0061332381035233,0.0,0.0023969652627779,0.0085302033663013,0.0,India,IND,maharashtra,,,Windows-11-10.0.26200-SP0,3.14.0,3.2.6,8,11th Gen Intel(R) Core(TM) i5-1145G7 @ 2.60GHz,0,,72.8826,19.0728,15.68770980834961,machine,72.91666666666667,0,94.735546875,14.861519783735275,N,1.0,0.0
2026-07-20T19:23:53,codecarbon,4e5c9b45-e65a-4458-a3e3-3c9a85ee4372,5b0fa12a-3dd7-45bb-9766-cc326314d9f1,880.0555615000048,0.0061937844586223,7.03794706787081e-06,26.733528559179035,0.0,10.0,0.0062447760817454,0.0,0.0024367889791668,0.0086815650609123,0.0,India,IND,maharashtra,,,Windows-11-10.0.26200-SP0,3.14.0,3.2.6,8,11th Gen Intel(R) Core(TM) i5-1145G7 @ 2.60GHz,0,,72.8826,19.0728,15.68770980834961,machine,72.79693486590038,0,94.67701149425288,14.852362309988129,N,1.0,0.0
2026-07-20T19:24:09,codecarbon,4e5c9b45-e65a-4458-a3e3-3c9a85ee4372,5b0fa12a-3dd7-45bb-9766-cc326314d9f1,895.9677833000023,0.0063058221439965,7.038000987905043e-06,26.75594398291038,0.0,10.0,0.0063604983566343,0.0,0.0024781051775001,0.0088386035341345,0.0,India,IND,maharashtra,,,Windows-11-10.0.26200-SP0,3.14.0,3.2.6,8,11th Gen Intel(R) Core(TM) i5-1145G7 @ 2.60GHz,0,,72.8826,19.0728,15.68770980834961,machine,72.68170426065163,0,94.63659147869674,14.846015676818697,N,1.0,0.0
2026-07-20T19:24:25,codecarbon,4e5c9b45-e65a-4458-a3e3-3c9a85ee4372,5b0fa12a-3dd7-45bb-9766-cc326314d9f1,911.9127420000004,0.0064174075755536,7.037304426165833e-06,26.77757973972933,0.0,10.0,0.0064757507409677,0.0,0.0025192573613891,0.0089950081023569,0.0,India,IND,maharashtra,,,Windows-11-10.0.26200-SP0,3.14.0,3.2.6,8,11th Gen Intel(R) Core(TM) i5-1145G7 @ 2.60GHz,0,,72.8826,19.0728,15.68770980834961,machine,72.81672816728167,0,94.60885608856088,14.84166255355028,N,1.0,0.0
2026-07-20T19:24:41,codecarbon,4e5c9b45-e65a-4458-a3e3-3c9a85ee4372,5b0fa12a-3dd7-45bb-9766-cc326314d9f1,927.7735622000037,0.0065286209552788,7.036868931463905e-06,26.79847581255447,0.0,10.0,0.0065906172907455,0.0,0.0025602738905557,0.0091508911813013,0.0,India,IND,maharashtra,,,Windows-11-10.0.26200-SP0,3.14.0,3.2.6,8,11th Gen Intel(R) Core(TM) i5-1145G7 @ 2.60GHz,0,,72.8826,19.0728,15.68770980834961,machine,72.25572979493366,0,94.56007237635706,14.834053099371124,N,1.0,0.0
2026-07-20T19:24:56,codecarbon,4e5c9b45-e65a-4458-a3e3-3c9a85ee4372,5b0fa12a-3dd7-45bb-9766-cc326314d9f1,943.6700364999996,0.0066386521105515,7.034929428483112e-06,26.818669496377083,0.0,10.0,0.0067042621771899,0.0,0.0026008550091668,0.0093051171863567,0.0,India,IND,maharashtra,,,Windows-11-10.0.26200-SP0,3.14.0,3.2.6,8,11th Gen Intel(R) Core(TM) i5-1145G7 @ 2.60GHz,0,,72.8826,19.0728,15.68770980834961,machine,71.32701421800948,0,94.52784360189574,14.82894749212039,N,1.0,0.0
2026-07-20T19:25:13,codecarbon,4e5c9b45-e65a-4458-a3e3-3c9a85ee4372,5b0fa12a-3dd7-45bb-9766-cc326314d9f1,959.872230299996,0.0067508250033797,7.033045430713104e-06,26.83819562040391,0.0,10.0,0.0068201197877455,0.0,0.0026422253863891,0.0094623451741346,0.0,India,IND,maharashtra,,,Windows-11-10.0.26200-SP0,3.14.0,3.2.6,8,11th Gen Intel(R) Core(TM) i5-1145G7 @ 2.60GHz,0,,72.8826,19.0728,15.68770980834961,machine,71.67832167832168,0,94.51235431235432,14.826526112767644,N,1.0,0.0
2026-07-20T19:25:29,codecarbon,4e5c9b45-e65a-4458-a3e3-3c9a85ee4372,5b0fa12a-3dd7-45bb-9766-cc326314d9f1,975.6943601999956,0.0068619943508344,7.032934319132357e-06,26.857086748527426,0.0,10.0,0.0069349407807455,0.0,0.0026832257541669,0.0096181665349123,0.0,India,IND,maharashtra,,,Windows-11-10.0.26200-SP0,3.14.0,3.2.6,8,11th Gen Intel(R) Core(TM) i5-1145G7 @ 2.60GHz,0,,72.8826,19.0728,15.68770980834961,machine,71.47766323024055,0,94.49278350515463,14.82344624540104,N,1.0,0.0
2026-07-20T19:25:45,codecarbon,4e5c9b45-e65a-4458-a3e3-3c9a85ee4372,5b0fa12a-3dd7-45bb-9766-cc326314d9f1,991.8577996000096,0.0069708201417512,7.028043883470343e-06,26.863271011494984,0.0,10.0,0.0070464955182457,0.0,0.0027242075136113,0.0097707030318571,0.0,India,IND,maharashtra,,,Windows-11-10.0.26200-SP0,3.14.0,3.2.6,8,11th Gen Intel(R) Core(TM) i5-1145G7 @ 2.60GHz,0,,72.8826,19.0728,15.68770980834961,machine,71.05855855855856,0,94.4293918918919,14.813524113045082,N,1.0,0.0
2026-07-20T19:26:01,codecarbon,4e5c9b45-e65a-4458-a3e3-3c9a85ee4372,5b0fa12a-3dd7-45bb-9766-cc326314d9f1,1008.1626471000054,0.0070848054941428,7.027442957267262e-06,26.881172255408448,0.0,10.0,0.0071642248245792,0.0,0.002766246642778,0.0099304714673572,0.0,India,IND,maharashtra,,,Windows-11-10.0.26200-SP0,3.14.0,3.2.6,8,11th Gen Intel(R) Core(TM) i5-1145G7 @ 2.60GHz,0,,72.8826,19.0728,15.68770980834961,machine,70.54263565891473,0,94.34839424141752,14.800785199880336,N,1.0,0.0
2026-07-20T19:26:17,codecarbon,4e5c9b45-e65a-4458-a3e3-3c9a85ee4372,5b0fa12a-3dd7-45bb-9766-cc326314d9f1,1024.133323300004,0.0071955654867102,7.026004645102686e-06,26.898518421991263,0.0,10.0,0.0072786238085791,0.0,0.0028070952441669,0.0100857190527461,0.0,India,IND,maharashtra,,,Windows-11-10.0.26200-SP0,3.14.0,3.2.6,8,11th Gen Intel(R) Core(TM) i5-1145G7 @ 2.60GHz,0,,72.8826,19.0728,15.68770980834961,machine,70.1525054466231,0,94.27178649237472,14.788787646491024,N,1.0,0.0
2026-07-20T19:26:33,codecarbon,4e5c9b45-e65a-4458-a3e3-3c9a85ee4372,5b0fa12a-3dd7-45bb-9766-cc326314d9f1,1040.4063900000035,0.0073067202315338,7.02294824576562e-06,26.91533493463261,0.0,10.0,0.0073934295275792,0.0,0.0028480904180558,0.0102415199456351,0.0,India,IND,maharashtra,,,Windows-11-10.0.26200-SP0,3.14.0,3.2.6,8,11th Gen Intel(R) Core(TM) i5-1145G7 @ 2.60GHz,0,,72.8826,19.0728,15.68770980834961,machine,69.989281886388,0,94.23118971061092,14.78245712476528,N,1.0,0.0
2026-07-20T19:26:50,codecarbon,4e5c9b45-e65a-4458-a3e3-3c9a85ee4372,5b0fa12a-3dd7-45bb-9766-cc326314d9f1,1056.7182639999955,0.0074184913539075,7.0203114743435424e-06,26.931645687495287,0.0,10.0,0.0075088750932459,0.0,0.0028893096955558,0.0103981847888018,0.0,India,IND,maharashtra,,,Windows-11-10.0.26200-SP0,3.14.0,3.2.6,8,11th Gen Intel(R) Core(TM) i5-1145G7 @ 2.60GHz,0,,72.8826,19.0728,15.68770980834961,machine,69.96838777660696,0,94.23213909378292,14.78259706245961,N,1.0,0.0
2026-07-20T19:27:06,codecarbon,4e5c9b45-e65a-4458-a3e3-3c9a85ee4372,5b0fa12a-3dd7-45bb-9766-cc326314d9f1,1072.8314867000008,0.0075290460089597,7.017920430466583e-06,26.94747315879165,0.0,10.0,0.007623083799357,0.0,0.0029300607619448,0.0105531445613018,0.0,India,IND,maharashtra,,,Windows-11-10.0.26200-SP0,3.14.0,3.2.6,8,11th Gen Intel(R) Core(TM) i5-1145G7 @ 2.60GHz,0,,72.8826,19.0728,15.68770980834961,machine,70.09345794392523,0,94.25638629283488,14.786418213651189,N,1.0,0.0
2026-07-20T19:27:22,codecarbon,4e5c9b45-e65a-4458-a3e3-3c9a85ee4372,5b0fa12a-3dd7-45bb-9766-cc326314d9f1,1089.4941127000056,0.0076385168522452,7.0110675800857225e-06,26.96283851413776,0.0,10.0,0.0077361505285792,0.0,0.0029704346722225,0.0107065852008018,0.0,India,IND,maharashtra,,,Windows-11-10.0.26200-SP0,3.14.0,3.2.6,8,11th Gen Intel(R) Core(TM) i5-1145G7 @ 2.60GHz,0,,72.8826,19.0728,15.68770980834961,machine,69.97950819672131,0,94.28514344262295,14.790956927127526,N,1.0,0.0
2026-07-20T19:27:40,codecarbon,4e5c9b45-e65a-4458-a3e3-3c9a85ee4372,5b0fa12a-3dd7-45bb-9766-cc326314d9f1,1106.9209040999997,0.007753678746928,7.004727002813504e-06,26.98506340312052,0.0,10.0,0.0078554064532459,0.0,0.0030125962925004,0.0108680027457463,0.0,India,IND,maharashtra,,,Windows-11-10.0.26200-SP0,3.14.0,3.2.6,8,11th Gen Intel(R) Core(TM) i5-1145G7 @ 2.60GHz,0,,72.8826,19.0728,15.68770980834961,machine,69.88922457200403,0,94.31923464249748,14.796335203049766,N,1.0,0.0
2026-07-20T19:27:57,codecarbon,4e5c9b45-e65a-4458-a3e3-3c9a85ee4372,5b0fa12a-3dd7-45bb-9766-cc326314d9f1,1123.785411799996,0.0078667007115582,7.000180487267517e-06,26.99935828476671,0.0,10.0,0.007972140539246,0.0,0.0030542803022226,0.0110264208414686,0.0,India,IND,maharashtra,,,Windows-11-10.0.26200-SP0,3.14.0,3.2.6,8,11th Gen Intel(R) Core(TM) i5-1145G7 @ 2.60GHz,0,,72.8826,19.0728,15.68770980834961,machine,69.81132075471699,0,94.3364448857994,14.799020886539584,N,1.0,0.0
2026-07-20T19:28:13,codecarbon,4e5c9b45-e65a-4458-a3e3-3c9a85ee4372,5b0fa12a-3dd7-45bb-9766-cc326314d9f1,1140.1137018000009,0.0079809064295448,7.000096935020295e-06,27.01325608636717,0.0,10.0,0.0080900973704682,0.0,0.0030964007836115,0.0111864981540797,0.0,India,IND,maharashtra,,,Windows-11-10.0.26200-SP0,3.14.0,3.2.6,8,11th Gen Intel(R) Core(TM) i5-1145G7 @ 2.60GHz,0,,72.8826,19.0728,15.68770980834961,machine,69.66731898238747,0,94.34442270058707,14.800261234350634,N,1.0,0.0
2026-07-20T19:28:29,codecarbon,4e5c9b45-e65a-4458-a3e3-3c9a85ee4372,5b0fa12a-3dd7-45bb-9766-cc326314d9f1,1156.6594500000065,0.0080918381534251,6.995869141453104e-06,27.026773126279952,0.0,10.0,0.0082046722815792,0.0,0.0031373141663893,0.0113419864479685,0.0,India,IND,maharashtra,,,Windows-11-10.0.26200-SP0,3.14.0,3.2.6,8,11th Gen Intel(R) Core(TM) i5-1145G7 @ 2.60GHz,0,,72.8826,19.0728,15.68770980834961,machine,69.65317919075144,0,94.3651252408478,14.803542815191898,N,1.0,0.0
2026-07-20T19:28:45,codecarbon,4e5c9b45-e65a-4458-a3e3-3c9a85ee4372,5b0fa12a-3dd7-45bb-9766-cc326314d9f1,1172.570314500001,0.0082034785540258,6.9961506381166906e-06,27.039924840789684,0.0,10.0,0.0083199839559126,0.0,0.003178484108056,0.0114984680639686,0.0,India,IND,maharashtra,,,Windows-11-10.0.26200-SP0,3.14.0,3.2.6,8,11th Gen Intel(R) Core(TM) i5-1145G7 @ 2.60GHz,0,,72.8826,19.0728,15.68770980834961,machine,69.61063627730294,0,94.37207977207976,14.804647375036168,N,1.0,0.0
2026-07-20T19:29:01,codecarbon,4e5c9b45-e65a-4458-a3e3-3c9a85ee4372,5b0fa12a-3dd7-45bb-9766-cc326314d9f1,1188.4069834999973,0.0083135197405961,6.995515724850291e-06,27.052725842912487,0.0,10.0,0.0084336533011347,0.0,0.0032190548283337,0.0116527081294684,0.0,India,IND,maharashtra,,,Windows-11-10.0.26200-SP0,3.14.0,3.2.6,8,11th Gen Intel(R) Core(TM) i5-1145G7 @ 2.60GHz,0,,72.8826,19.0728,15.68770980834961,machine,69.38202247191012,0,94.37191011235954,14.804633622758844,N,1.0,0.0
2026-07-20T19:29:17,codecarbon,4e5c9b45-e65a-4458-a3e3-3c9a85ee4372,5b0fa12a-3dd7-45bb-9766-cc326314d9f1,1204.4669655000034,0.008419921680123,6.990579170120886e-06,27.06518997655838,0.0,10.0,0.008543607504468,0.0,0.0032582397122226,0.0118018472166907,0.0,India,IND,maharashtra,,,Windows-11-10.0.26200-SP0,3.14.0,3.2.6,8,11th Gen Intel(R) Core(TM) i5-1145G7 @ 2.60GHz,0,,72.8826,19.0728,15.68770980834961,machine,69.43674976915975,0,94.38024007386888,14.805940133162592,N,1.0,0.0
2026-07-20T19:29:33,codecarbon,4e5c9b45-e65a-4458-a3e3-3c9a85ee4372,5b0fa12a-3dd7-45bb-9766-cc326314d9f1,1220.5776017000026,0.0085301393071925,6.98860874991634e-06,27.077330366473205,0.0,10.0,0.0086574455963569,0.0,0.0032988889950003,0.0119563345913572,0.0,India,IND,maharashtra,,,Windows-11-10.0.26200-SP0,3.14.0,3.2.6,8,11th Gen Intel(R) Core(TM) i5-1145G7 @ 2.60GHz,0,,72.8826,19.0728,15.68770980834961,machine,69.30783242258651,0,94.37094717668488,14.804453229643608,N,1.0,0.0
2026-07-20T19:29:49,codecarbon,4e5c9b45-e65a-4458-a3e3-3c9a85ee4372,5b0fa12a-3dd7-45bb-9766-cc326314d9f1,1236.6314273000023,0.0086431926555771,6.989303736561355e-06,27.08915946433893,0.0,10.0,0.0087742116708014,0.0,0.0033405850055559,0.0121147966763574,0.0,India,IND,maharashtra,,,Windows-11-10.0.26200-SP0,3.14.0,3.2.6,8,11th Gen Intel(R) Core(TM) i5-1145G7 @ 2.60GHz,0,,72.8826,19.0728,15.68770980834961,machine,69.18238993710692,0,94.2874213836478,14.791343373643956,N,1.0,0.0
2026-07-20T19:30:07,codecarbon,4e5c9b45-e65a-4458-a3e3-3c9a85ee4372,5b0fa12a-3dd7-45bb-9766-cc326314d9f1,1253.886564200002,0.0087530616695712,6.980744446492948e-06,27.10068909137261,0.0,10.0,0.0088876913829125,0.0,0.0033811040319448,0.0122687954148574,0.0,India,IND,maharashtra,,,Windows-11-10.0.26200-SP0,3.14.0,3.2.6,8,11th Gen Intel(R) Core(TM) i5-1145G7 @ 2.60GHz,0,,72.8826,19.0728,15.68770980834961,machine,69.35341009743135,0,94.21700620017717,14.780279113931716,N,1.0,0.0
2026-07-20T19:30:25,codecarbon,4e5c9b45-e65a-4458-a3e3-3c9a85ee4372,5b0fa12a-3dd7-45bb-9766-cc326314d9f1,1271.9598669999978,0.008901768738943,6.998466673275234e-06,27.11193047773046,0.0,10.0625,0.009011387471357,0.0,0.0034658443375004,0.0124772318088574,0.0,India,IND,maharashtra,,,Windows-11-10.0.26200-SP0,3.14.0,3.2.6,8,11th Gen Intel(R) Core(TM) i5-1145G7 @ 2.60GHz,0,,72.8826,19.0728,15.68770980834961,machine,69.49300699300699,0,94.18417832167832,14.775154924059247,N,1.0,0.0
2026-07-20T19:30:43,codecarbon,4e5c9b45-e65a-4458-a3e3-3c9a85ee4372,5b0fa12a-3dd7-45bb-9766-cc326314d9f1,1289.9139730000024,0.0090193650444575,6.9922221429083656e-06,26.956496174459343,0.0,10.0,0.0091328455742459,0.0,0.0035092159900004,0.0126420615642464,0.0,India,IND,maharashtra,,,Windows-11-10.0.26200-SP0,3.14.0,3.2.6,8,11th Gen Intel(R) Core(TM) i5-1145G7 @ 2.60GHz,0,,72.8826,19.0728,15.68770980834961,machine,69.56896551724138,0,94.14637931034484,14.769234187027504,N,1.0,0.0
2026-07-20T19:30:59,codecarbon,4e5c9b45-e65a-4458-a3e3-3c9a85ee4372,5b0fa12a-3dd7-45bb-9766-cc326314d9f1,1306.6657552999968,0.0091341700299351,6.990441123053722e-06,26.969144705678023,0.0,10.0,0.0092514207808015,0.0,0.0035515580638893,0.0128029788446909,0.0,India,IND,maharashtra,,,Windows-11-10.0.26200-SP0,3.14.0,3.2.6,8,11th Gen Intel(R) Core(TM) i5-1145G7 @ 2.60GHz,0,,72.8826,19.0728,15.68770980834961,machine,69.53191489361703,0,94.11889361702129,14.764960541420797,N,1.0,0.0
2026-07-20T19:31:15,codecarbon,4e5c9b45-e65a-4458-a3e3-3c9a85ee4372,5b0fa12a-3dd7-45bb-9766-cc326314d9f1,1322.6997962000023,0.0092456190219254,6.989960267996808e-06,26.98149027806511,0.0,10.0,0.0093665324169126,0.0,0.0035926597544449,0.0129591921713575,0.0,India,IND,maharashtra,,,Windows-11-10.0.26200-SP0,3.14.0,3.2.6,8,11th Gen Intel(R) Core(TM) i5-1145G7 @ 2.60GHz,0,,72.8826,19.0728,15.68770980834961,machine,69.52141057934509,0,94.0949622166247,14.761185067126371,N,1.0,0.0
2026-07-20T19:31:32,codecarbon,4e5c9b45-e65a-4458-a3e3-3c9a85ee4372,5b0fa12a-3dd7-45bb-9766-cc326314d9f1,1339.1296891999957,0.0093575095227581,6.987754508189864e-06,26.99334562519333,0.0,10.0,0.0094820785861369,0.0,0.0036339457561116,0.0131160243422485,0.0,India,IND,maharashtra,,,Windows-11-10.0.26200-SP0,3.14.0,3.2.6,8,11th Gen Intel(R) Core(TM) i5-1145G7 @ 2.60GHz,0,,72.8826,19.0728,15.68770980834961,machine,69.65174129353234,0,94.0723880597015,14.757646677703605,N,1.0,0.0
2026-07-20T19:31:49,codecarbon,4e5c9b45-e65a-4458-a3e3-3c9a85ee4372,5b0fa12a-3dd7-45bb-9766-cc326314d9f1,1356.0081817000028,0.0094717833229528,6.9850488004270605e-06,27.00511936057119,0.0,10.0,0.0096001053566925,0.0,0.0036760917261115,0.0132761970828041,0.0,India,IND,maharashtra,,,Windows-11-10.0.26200-SP0,3.14.0,3.2.6,8,11th Gen Intel(R) Core(TM) i5-1145G7 @ 2.60GHz,0,,72.8826,19.0728,15.68770980834961,machine,69.77886977886978,0,94.06936936936935,14.75718154407348,N,1.0,0.0
2026-07-20T19:32:05,codecarbon,4e5c9b45-e65a-4458-a3e3-3c9a85ee4372,5b0fa12a-3dd7-45bb-9766-cc326314d9f1,1372.5919536,0.0095822719662027,6.981151201615778e-06,27.016620870853604,0.0,10.0,0.0097142231188037,0.0,0.003716841210556,0.0134310643293598,0.0,India,IND,maharashtra,,,Windows-11-10.0.26200-SP0,3.14.0,3.2.6,8,11th Gen Intel(R) Core(TM) i5-1145G7 @ 2.60GHz,0,,72.8826,19.0728,15.68770980834961,machine,69.98381877022653,0,94.08398058252428,14.75949451607022,N,1.0,0.0
2026-07-20T19:32:22,codecarbon,4e5c9b45-e65a-4458-a3e3-3c9a85ee4372,5b0fa12a-3dd7-45bb-9766-cc326314d9f1,1389.4285724000074,0.0096979503890779,6.979812119687671e-06,27.02785948947242,0.0,10.0,0.0098337003663593,0.0,0.0037595055036115,0.0135932058699709,0.0,India,IND,maharashtra,,,Windows-11-10.0.26200-SP0,3.14.0,3.2.6,8,11th Gen Intel(R) Core(TM) i5-1145G7 @ 2.60GHz,0,,72.8826,19.0728,15.68770980834961,machine,69.9122106943336,0,94.1002394253791,14.762059235325454,N,1.0,0.0
2026-07-20T19:32:38,codecarbon,4e5c9b45-e65a-4458-a3e3-3c9a85ee4372,5b0fa12a-3dd7-45bb-9766-cc326314d9f1,1405.3099701000028,0.0098085642386865,6.979644667281902e-06,27.03884412800945,0.0,10.0,0.009947971276026,0.0,0.0038002773369449,0.0137482486129709,0.0,India,IND,maharashtra,,,Windows-11-10.0.26200-SP0,3.14.0,3.2.6,8,11th Gen Intel(R) Core(TM) i5-1145G7 @ 2.60GHz,0,,72.8826,19.0728,15.68770980834961,machine,69.95268138801262,0,94.10173501577287,14.762285804146847,N,1.0,0.0
2026-07-20T19:32:54,codecarbon,4e5c9b45-e65a-4458-a3e3-3c9a85ee4372,5b0fa12a-3dd7-45bb-9766-cc326314d9f1,1421.4230878999952,0.0099486038445035,6.999044780679326e-06,27.04958329976354,0.0,10.05586592178771,0.0100626338458037,0.0,0.0038819023450004,0.0139445361908042,0.0,India,IND,maharashtra,,,Windows-11-10.0.26200-SP0,3.14.0,3.2.6,8,11th Gen Intel(R) Core(TM) i5-1145G7 @ 2.60GHz,0,,72.8826,19.0728,15.68770980834961,machine,69.99220576773187,0,94.11418550272798,14.764226611665888,N,1.0,0.0
2026-07-20T19:33:12,codecarbon,4e5c9b45-e65a-4458-a3e3-3c9a85ee4372,5b0fa12a-3dd7-45bb-9766-cc326314d9f1,1439.339387800006,0.0101783359921902,7.071533009144983e-06,27.065249509108096,0.0,10.0,0.0102999378513593,0.0,0.0039666041502782,0.0142665420016375,0.0,India,IND,maharashtra,,,Windows-11-10.0.26200-SP0,3.14.0,3.2.6,8,11th Gen Intel(R) Core(TM) i5-1145G7 @ 2.60GHz,0,,72.8826,19.0728,15.68770980834961,machine,70.11583011583012,0,94.12988416988416,14.766666521344868,N,1.0,0.0
2026-07-20T19:33:30,codecarbon,4e5c9b45-e65a-4458-a3e3-3c9a85ee4372,5b0fa12a-3dd7-45bb-9766-cc326314d9f1,1457.4703805000026,0.0103042825487042,7.069977329603932e-06,27.075409840530835,0.0,10.0,0.0104300205842482,0.0,0.0040130553655559,0.0144430759498041,0.0,India,IND,maharashtra,,,Windows-11-10.0.26200-SP0,3.14.0,3.2.6,8,11th Gen Intel(R) Core(TM) i5-1145G7 @ 2.60GHz,0,,72.8826,19.0728,15.68770980834961,machine,70.0228832951945,0,94.1369183829138,14.767760887116898,N,1.0,0.0
2026-07-20T19:33:46,codecarbon,4e5c9b45-e65a-4458-a3e3-3c9a85ee4372,5b0fa12a-3dd7-45bb-9766-cc326314d9f1,1473.655667900006,0.0104142729155245,7.066964924285987e-06,27.085351670202545,0.0,10.0,0.0105436371525815,0.0,0.0040536076308337,0.0145972447834152,0.0,India,IND,maharashtra,,,Windows-11-10.0.26200-SP0,3.14.0,3.2.6,8,11th Gen Intel(R) Core(TM) i5-1145G7 @ 2.60GHz,0,,72.8826,19.0728,15.68770980834961,machine,70.15825169555389,0,94.12795779954786,14.76637276977907,N,1.0,0.0
2026-07-20T19:34:02,codecarbon,4e5c9b45-e65a-4458-a3e3-3c9a85ee4372,5b0fa12a-3dd7-45bb-9766-cc326314d9f1,1489.5062203999987,0.0105254419583399,7.066396779137585e-06,27.09508197158337,0.0,10.0,0.0106584626963593,0.0,0.0040946030208337,0.014753065717193,0.0,India,IND,maharashtra,,,Windows-11-10.0.26200-SP0,3.14.0,3.2.6,8,11th Gen Intel(R) Core(TM) i5-1145G7 @ 2.60GHz,0,,72.8826,19.0728,15.68770980834961,machine,70.19374068554396,0,94.0988822652757,14.76180758526002,N,1.0,0.0
2026-07-20T19:34:18,codecarbon,4e5c9b45-e65a-4458-a3e3-3c9a85ee4372,5b0fa12a-3dd7-45bb-9766-cc326314d9f1,1505.1100213000027,0.0106353408593289,7.066155104158365e-06,27.10460742451407,0.0,10.0,0.0107719711364705,0.0,0.0041351352105559,0.0149071063470264,0.0,India,IND,maharashtra,,,Windows-11-10.0.26200-SP0,3.14.0,3.2.6,8,11th Gen Intel(R) Core(TM) i5-1145G7 @ 2.60GHz,0,,72.8826,19.0728,15.68770980834961,machine,69.93367722918202,0,94.03603537214444,14.751951081311782,N,1.0,0.0
2026-07-20T19:34:34,codecarbon,4e5c9b45-e65a-4458-a3e3-3c9a85ee4372,5b0fa12a-3dd7-45bb-9766-cc326314d9f1,1521.2129656000034,0.0107451294513631,7.063527391856699e-06,27.11358147111872,0.0,10.0,0.0108853295695303,0.0,0.0041756627919448,0.0150609923614751,0.0,India,IND,maharashtra,,,Windows-11-10.0.26200-SP0,3.14.0,3.2.6,8,11th Gen Intel(R) Core(TM) i5-1145G7 @ 2.60GHz,0,,72.8826,19.0728,15.68770980834961,machine,69.84705025491624,0,93.95797523670794,14.739732182468712,N,1.0,0.0
2026-07-20T19:34:50,codecarbon,4e5c9b45-e65a-4458-a3e3-3c9a85ee4372,5b0fa12a-3dd7-45bb-9766-cc326314d9f1,1537.691195899999,0.0108587731938558,7.061738548551873e-06,27.12271980646801,0.0,10.0,0.0110027060229747,0.0,0.0042175759538892,0.015220281976864,0.0,India,IND,maharashtra,,,Windows-11-10.0.26200-SP0,3.14.0,3.2.6,8,11th Gen Intel(R) Core(TM) i5-1145G7 @ 2.60GHz,0,,72.8826,19.0728,15.68770980834961,machine,69.90640748740101,0,93.89532037437006,14.729910889660566,N,1.0,0.0
2026-07-20T19:35:06,codecarbon,4e5c9b45-e65a-4458-a3e3-3c9a85ee4372,5b0fa12a-3dd7-45bb-9766-cc326314d9f1,1553.5537190000032,0.0109690102373806,7.060592822268973e-06,27.13167164517752,0.0,10.0,0.0111165637700857,0.0,0.004258232796667,0.0153747965667528,0.0,India,IND,maharashtra,,,Windows-11-10.0.26200-SP0,3.14.0,3.2.6,8,11th Gen Intel(R) Core(TM) i5-1145G7 @ 2.60GHz,0,,72.8826,19.0728,15.68770980834961,machine,69.94301994301995,0,93.85206552706552,14.72313690457249,N,1.0,0.0
2026-07-20T19:35:23,codecarbon,4e5c9b45-e65a-4458-a3e3-3c9a85ee4372,5b0fa12a-3dd7-45bb-9766-cc326314d9f1,1569.9602742999996,0.0110795753458496,7.057232929533642e-06,27.140442638660573,0.0,10.0,0.0112307606477523,0.0,0.0042990103436114,0.0155297709913638,0.0,India,IND,maharashtra,,,Windows-11-10.0.26200-SP0,3.14.0,3.2.6,8,11th Gen Intel(R) Core(TM) i5-1145G7 @ 2.60GHz,0,,72.8826,19.0728,15.68770980834961,machine,70.0493305144468,0,93.8107117688513,14.716678234957907,N,1.0,0.0
2026-07-20T19:35:40,codecarbon,4e5c9b45-e65a-4458-a3e3-3c9a85ee4372,5b0fa12a-3dd7-45bb-9766-cc326314d9f1,1587.768937700006,0.0111990024133727,7.053294813535818e-06,27.148984320201965,0.0,10.0,0.0113541003715695,0.0,0.004343066476667,0.0156971668482365,0.0,India,IND,maharashtra,,,Windows-11-10.0.26200-SP0,3.14.0,3.2.6,8,11th Gen Intel(R) Core(TM) i5-1145G7 @ 2.60GHz,0,,72.8826,19.0728,15.68770980834961,machine,70.03484320557492,0,93.78202090592336,14.712179937595277,N,1.0,0.0
2026-07-20T19:35:58,codecarbon,4e5c9b45-e65a-4458-a3e3-3c9a85ee4372,5b0fa12a-3dd7-45bb-9766-cc326314d9f1,1605.2909272999968,0.01131024693404452,7.0456057165087686e-06,27.161560906602922,0.0,10.0,0.011469009453347336,0.0,0.004384084122778144,0.01585309357612546,0.0,India,IND,maharashtra,,,Windows-11-10.0.26200-SP0,3.14.0,3.2.6,8,11th Gen Intel(R) Core(TM) i5-1145G7 @ 2.60GHz,0,,72.8826,19.0728,15.68770980834961,machine,69.93103448275862,0,93.76034482758621,14.708780241341426,N,1.0,0.0
